{"companies": {"rows": 10019, "columns": 5, "file_size": 233338}, "preprocessed_companies": {"rows": 10019, "columns": 5, "file_size": 83644}, "shuttles": {"rows": 15531, "columns": 13, "file_size": 936864}, "preprocessed_shuttles": {"rows": 15531, "columns": 13, "file_size": 248352}, "reviews": {"rows": 15531, "columns": 10, "file_size": 604427}, "model_input_table": {"rows": 6027, "columns": 27, "file_size": 215143}, "X_train": {"rows": 4821, "columns": 8}, "X_test": {"rows": 1206, "columns": 8}}